time_stamp,hr
1.8739999532699585,79
2.8980000019073486,78
3.872999906539917,77
4.896999835968018,76
5.872000217437744,74
6.895999908447266,73
7.870999813079834,73
8.894000053405762,72
9.869000434875488,71
10.892999649047852,70
11.916999816894531,69
12.892000198364258,69
13.96500015258789,69
14.939000129699707,68
15.914999961853027,68
16.895000457763672,68
17.913999557495117,68
18.888999938964844,67
19.91200065612793,67
20.886999130249023,67
21.910999298095703,68
22.88599967956543,68
23.90999984741211,68
24.885000228881836,68
25.909000396728516,68
26.884000778198242,68
27.906999588012695,68
28.881999969482422,68
30.160999298095703,68
31.14900016784668,67
32.138999938964844,67
33.12900161743164,68
34.61399841308594,68
35.10900115966797,68
36.0989990234375,68
37.0890007019043,67
38.08000183105469,67
39.069000244140625,67
40.058998107910156,67
41.05799865722656,67
42.03900146484375,67
43.02899932861328,67
44.02000045776367,67
45.50400161743164,67
46.00199890136719,66
46.98899841308594,66
47.97999954223633,66
48.96900177001953,66
49.96500015258789,66
50.95000076293945,66
51.939998626708984,66
52.92900085449219,66
53.91999816894531,67
54.909000396728516,67
56.39500045776367,67
56.88999938964844,68
57.87900161743164,67
59.3650016784668,68
60.35499954223633,68
61.345001220703125,68
62.33399963378906,68
63.32400131225586,68
64.31500244140625,68
65.30400085449219,68
66.29399871826172,69
67.28399658203125,69
68.27799987792969,69
69.26499938964844,69
70.25499725341797,69
71.24400329589844,69
72.23699951171875,70
73.22899627685547,70
74.22000122070312,70
75.20500183105469,69
76.19499969482422,69
77.18599700927734,69
78.17500305175781,69
79.16500091552734,68
80.15499877929688,68
81.1449966430664,68
82.13500213623047,68
83.125,68
84.11499786376953,68
85.1050033569336,68
86.09500122070312,68
87.08499908447266,68
88.07499694824219,68
89.06500244140625,68
90.05500030517578,67
91.04499816894531,67
92.03500366210938,67
93.0250015258789,67
94.01499938964844,67
95.00499725341797,67
95.99500274658203,67
96.98500061035156,67
97.9749984741211,68
98.96499633789062,68
99.95500183105469,68
100.94499969482422,68
101.93499755859375,68
102.92500305175781,68
103.91500091552734,69
104.90499877929688,70
106.38999938964844,70
106.88500213623047,70
107.875,70
109.36000061035156,70
110.3499984741211,70
111.33999633789062,71
112.33000183105469,71
113.31999969482422,71
114.30999755859375,71
115.30000305175781,71
116.29000091552734,71
117.27999877929688,70
118.2699966430664,70
119.26000213623047,71
120.25,71
121.23999786376953,72
122.2300033569336,72
123.22000122070312,73
124.20999908447266,73
125.20099639892578,73
126.19000244140625,72
127.18099975585938,72
128.1699981689453,72
129.16000366210938,71
130.14999389648438,71
131.13999938964844,72
132.1300048828125,72
133.1199951171875,72
134.11000061035156,73
135.10000610351562,73
136.08999633789062,73
137.08099365234375,73
138.07000732421875,72
139.05999755859375,72
140.05599975585938,73
141.0399932861328,73
142.02999877929688,73
143.02000427246094,74
144.00999450683594,74
145.0030059814453,74
145.99000549316406,76
146.97999572753906,76
147.97000122070312,76
148.9600067138672,77
149.9499969482422,77
150.94500732421875,77
151.92999267578125,77
152.9199981689453,76
153.91000366210938,75
154.89999389648438,74
155.88999938964844,73
156.8800048828125,73
158.36599731445312,73
159.35499572753906,72
160.3459930419922,72
161.3350067138672,72
162.3260040283203,72
163.31500244140625,72
164.30499267578125,71
165.2949981689453,71
166.28500366210938,70
167.2760009765625,70
168.2729949951172,70
169.25599670410156,70
170.2449951171875,70
171.23599243164062,69
172.2259979248047,69
173.21499633789062,68
174.20599365234375,68
175.19500732421875,68
176.18600463867188,68
177.17599487304688,68
178.1649932861328,68
179.156005859375,68
180.14599609375,68
181.13499450683594,68
182.12600708007812,68
183.11500549316406,68
184.10499572753906,67
185.0959930419922,67
186.0850067138672,67
187.0749969482422,68
188.0659942626953,68
189.05499267578125,68
190.0449981689453,68
191.03599548339844,68
192.02499389648438,69
193.01600646972656,69
194.00599670410156,69
194.99600219726562,69
195.98599243164062,70
196.9759979248047,70
197.96600341796875,70
198.95599365234375,70
199.9459991455078,70
200.93600463867188,70
201.92599487304688,70
202.91600036621094,70
203.906005859375,70
204.89599609375,69
205.88600158691406,69
207.3719940185547,69
208.36099243164062,69
209.3509979248047,69
210.34100341796875,69
211.33099365234375,69
212.3209991455078,70
213.31100463867188,70
214.30099487304688,69
215.302001953125,69
216.281005859375,69
217.27099609375,68
218.26100158691406,68
219.25100708007812,68
220.24099731445312,68
221.2310028076172,68
222.2209930419922,69
223.21099853515625,69
224.2010040283203,69
225.1909942626953,69
226.18099975585938,68
227.17100524902344,68
228.16099548339844,68
229.1510009765625,68
230.14100646972656,69
231.13099670410156,69
232.12100219726562,69
233.11099243164062,70
234.1009979248047,70
235.0919952392578,70
236.08099365234375,71
237.0709991455078,71
238.06100463867188,71
239.0590057373047,72
240.04200744628906,72
241.031005859375,72
242.02099609375,72
243.01100158691406,73
244.00100708007812,73
244.99099731445312,73
245.9810028076172,73
246.9709930419922,74
247.96099853515625,74
248.9510040283203,74
249.9409942626953,74
250.93099975585938,74
251.92100524902344,73
252.91099548339844,73
254.39599609375,73
254.89300537109375,73
255.8820037841797,73
257.3659973144531,73
258.3559875488281,73
259.34600830078125,73
260.33599853515625,73
261.32598876953125,73
262.3160095214844,73
263.8009948730469,73
264.30499267578125,73
265.2860107421875,72
266.2760009765625,72
267.2659912109375,72
268.2560119628906,71
269.2460021972656,72
270.2359924316406,72
271.22601318359375,72
272.21600341796875,73
273.20599365234375,73
274.1960144042969,77
275.1860046386719,79
276.177001953125,82
277.1669921875,84
278.156005859375,87
279.14599609375,89
280.135986328125,90
281.12799072265625,92
282.11700439453125,94
283.1059875488281,96
284.09698486328125,97
285.0870056152344,99
286.0769958496094,99
287.0669860839844,99
288.0559997558594,99
289.0469970703125,99
290.0360107421875,95
291.0260009765625,93
292.0169982910156,91
293.0060119628906,88
293.9960021972656,88
294.98699951171875,87
295.97601318359375,87
296.96600341796875,86
297.9570007324219,85
298.9460144042969,83
299.9410095214844,82
300.927001953125,82
301.9169921875,81
302.9070129394531,81
303.89599609375,81
304.885986328125,81
306.3739929199219,81
307.36199951171875,80
308.3590087890625,79
309.3420104980469,79
310.3349914550781,78
311.3219909667969,78
312.31201171875,78
313.30499267578125,78
314.2919921875,78
315.2820129394531,78
316.2720031738281,78
317.2619934082031,78
318.25201416015625,78
319.24200439453125,78
320.23199462890625,78
321.22198486328125,78
322.2120056152344,77
323.6969909667969,77
324.1919860839844,77
325.1820068359375,76
326.1719970703125,76
327.1619873046875,75
328.1520080566406,75
329.1419982910156,75
330.1319885253906,76
331.12200927734375,76
332.11199951171875,77
333.10198974609375,78
334.0920104980469,79
335.0820007324219,79
336.0719909667969,79
337.06201171875,79
338.052001953125,79
339.5369873046875,80
340.0320129394531,80
341.0220031738281,82
342.0119934082031,82
343.0050048828125,83
343.99700927734375,84
344.98199462890625,84
345.97198486328125,84
346.9620056152344,83
347.9519958496094,83
348.947998046875,83
349.9320068359375,83
350.9219970703125,83
351.9119873046875,83
353.3970031738281,83
353.8919982910156,84
355.37701416015625,84
356.36700439453125,84
357.35699462890625,84
358.34698486328125,84
359.3380126953125,83
360.3269958496094,83
361.3169860839844,83
362.3070068359375,83
363.2969970703125,83
364.2869873046875,83
365.2770080566406,82
366.2669982910156,82
367.2569885253906,82
368.25799560546875,82
369.239013671875,84
370.22698974609375,84
371.2170104980469,85
372.2070007324219,85
373.1969909667969,85
374.18701171875,83
375.177001953125,83
376.1669921875,82
377.65899658203125,83
378.1470031738281,83
379.1369934082031,84
380.12701416015625,85
381.11700439453125,85
382.10699462890625,86
383.09698486328125,86
384.0870056152344,87
385.0769958496094,87
386.0679931640625,86
387.06298828125,85
388.0539855957031,85
389.0369873046875,84
390.02801513671875,84
391.0169982910156,83
392.00799560546875,83
392.99798583984375,83
393.98699951171875,82
394.97698974609375,82
395.9679870605469,81
396.9570007324219,80
397.947998046875,79
398.93798828125,79
399.927001953125,79
400.9179992675781,80
401.9079895019531,80
402.8970031738281,80
404.3819885253906,79
405.37200927734375,78
406.36199951171875,78
407.35198974609375,77
408.3429870605469,77
409.3320007324219,77
410.3219909667969,78
411.31298828125,78
412.3080139160156,78
413.2969970703125,79
414.2829895019531,79
415.2860107421875,79
416.26300048828125,79
417.74798583984375,79
418.2430114746094,79
419.23199462890625,79
420.2229919433594,79
421.2130126953125,79
422.2030029296875,79
423.1919860839844,79
424.18798828125,80
425.1730041503906,80
426.1619873046875,81
427.15301513671875,81
428.14300537109375,82
429.13299560546875,82
430.12298583984375,82
431.1130065917969,82
432.1080017089844,82
433.0929870605469,82
434.0849914550781,83
435.072998046875,84
436.06298828125,85
437.0530090332031,85
438.0429992675781,85
439.0329895019531,84
440.02301025390625,84
441.01300048828125,84
442.00299072265625,83
442.9930114746094,83
443.9830017089844,82
445.4779968261719,82
445.9630126953125,82
446.9530029296875,83
447.9429931640625,83
448.9360046386719,83
449.9230041503906,83
450.9179992675781,83
451.90301513671875,84
452.8970031738281,83
454.37799072265625,83
455.3680114746094,81
456.3580017089844,81
457.3529968261719,81
458.3380126953125,82
459.3280029296875,85
460.3210144042969,87
461.3080139160156,90
462.7929992675781,94
463.2929992675781,95
464.27801513671875,98
465.26800537109375,101
466.25799560546875,101
467.24798583984375,103
468.2380065917969,104
469.2279968261719,105
470.2179870605469,105
471.2080078125,105
472.197998046875,105
473.18798828125,105
474.1780090332031,102
475.6629943847656,98
476.1610107421875,97
477.14801025390625,95
478.63299560546875,93
479.12799072265625,93
480.1180114746094,89
481.6029968261719,87
482.0979919433594,86
483.0880126953125,85
484.572998046875,84
485.0679931640625,82
486.0580139160156,81
487.0480041503906,79
488.0409851074219,78
489.02801513671875,77
490.01800537109375,76
491.00799560546875,76
491.99798583984375,75
492.9880065917969,75
493.9779968261719,75
494.9679870605469,74
495.9580078125,73
496.947998046875,73
497.9389953613281,73
498.9280090332031,73
499.91900634765625,73
500.9079895019531,74
501.89801025390625,74
503.38299560546875,73
504.37298583984375,74
505.3630065917969,74
506.3529968261719,75
507.3429870605469,75
508.3330078125,75
509.32501220703125,75
510.31298828125,75
511.3030090332031,75
512.2930297851562,75
513.2830200195312,75
514.2730102539062,75
515.2630004882812,75
516.2540283203125,75
517.2429809570312,75
518.72802734375,75
519.2230224609375,74
520.2130126953125,74
521.2039794921875,75
522.1929931640625,76
523.1849975585938,77
524.1729736328125,76
525.1630249023438,75
526.1539916992188,75
527.1439819335938,73
528.1329956054688,73
529.1240234375,73
530.114013671875,73
531.10400390625,74
532.093994140625,74
533.0850219726562,72
534.073974609375,72
535.06298828125,71
537.0440063476562,70
537.0449829101562,69
538.5369873046875,69
539.0230102539062,69
540.0139770507812,69
541.0029907226562,69
542.0,69
542.9840087890625,70
543.9730224609375,70
544.9639892578125,71
545.9539794921875,72
546.9429931640625,73
547.9340209960938,73
548.9240112304688,73
549.9140014648438,73
550.9039916992188,73
551.8930053710938,73
553.3790283203125,73
554.3690185546875,73
555.3590087890625,73
556.3489990234375,75
557.3389892578125,76
558.3289794921875,76
559.3189697265625,75
560.3090209960938,75
561.2990112304688,76
562.2890014648438,76
563.2789916992188,77
564.2689819335938,76
565.2589721679688,75
566.2490234375,75
567.239013671875,75
568.22900390625,74
569.218994140625,74
570.208984375,74
571.198974609375,74
572.1890258789062,73
573.1790161132812,72
574.6640014648438,72
575.1589965820312,71
576.1489868164062,70
577.1389770507812,71
578.1320190429688,71
579.1240234375,71
580.1740112304688,71
581.0989990234375,71
582.0889892578125,70
583.0789794921875,70
584.0689697265625,69
585.5640258789062,69
586.0490112304688,70
587.0390014648438,70
588.0289916992188,71
589.0189819335938,72
590.5040283203125,71
590.9990234375,71
591.9929809570312,72
592.97900390625,72
593.968994140625,72
594.958984375,72
595.948974609375,73
596.9400024414062,73
597.9290161132812,73
598.9190063476562,73
599.9089965820312,72
600.8989868164062,73
602.385986328125,73
603.8690185546875,74
604.364013671875,75
605.35400390625,76
606.343994140625,78
607.333984375,78
608.323974609375,77
609.3140258789062,76
610.3040161132812,75
611.2940063476562,74
612.2839965820312,73
613.2739868164062,73
614.2639770507812,74
615.7490234375,75
616.2440185546875,75
617.2340087890625,75
618.2239990234375,74
619.2139892578125,73
620.2109985351562,73
621.1939697265625,73
622.1840209960938,74
623.1740112304688,74
624.1640014648438,76
625.1539916992188,77
626.14501953125,78
627.1339721679688,78
628.1259765625,77
629.114013671875,76
630.1060180664062,77
631.093994140625,77
632.083984375,78
633.073974609375,78
634.0640258789062,78
635.0540161132812,78
636.0460205078125,79
637.0349731445312,79
638.0239868164062,79
639.0139770507812,79
640.0050048828125,78
640.9940185546875,78
641.9849853515625,78
642.9749755859375,77
643.9639892578125,77
644.9550170898438,77
645.9439697265625,77
646.9420166015625,77
647.9249877929688,77
648.9140014648438,78
649.905029296875,79
651.3900146484375,79
652.875,79
653.3699951171875,79
654.3590087890625,80
655.3499755859375,81
656.3419799804688,81
657.3300170898438,81
658.3200073242188,81
659.3099975585938,80
660.2999877929688,80
661.2890014648438,80
663.2689819335938,81
663.2750244140625,82
664.2589721679688,82
665.25,83
666.239013671875,83
667.22900390625,83
668.219970703125,83
669.2100219726562,82
670.2000122070312,82
671.1900024414062,82
672.1799926757812,83
673.1699829101562,83
674.1599731445312,83
675.1500244140625,83
676.1400146484375,83
677.1300048828125,84
678.1199951171875,84
679.1099853515625,84
680.0999755859375,84
681.0900268554688,83
682.0800170898438,82
683.0700073242188,82
684.0599975585938,82
685.0499877929688,82
686.0399780273438,82
687.030029296875,82
688.02001953125,82
689.010009765625,81
690.0,80
690.9910278320312,79
691.97998046875,77
692.969970703125,77
693.9600219726562,77
694.9500122070312,78
695.9400024414062,79
696.9299926757812,78
697.9199829101562,77
698.9099731445312,77
700.39501953125,75
701.385009765625,75
702.375,75
703.364990234375,77
704.35498046875,77
705.344970703125,77
706.3350219726562,78
707.3250122070312,78
708.3150024414062,78
709.3060302734375,78
710.2949829101562,76
711.2849731445312,75
712.2750244140625,75
713.2650146484375,76
714.260986328125,77
715.2449951171875,78
716.72998046875,78
717.2249755859375,77
718.2150268554688,77
719.2050170898438,78
720.1950073242188,79
721.1849975585938,80
722.1749877929688,80
723.1649780273438,79
724.155029296875,79
725.6400146484375,79
726.135009765625,78
727.125,78
728.114990234375,78
729.10498046875,78
730.094970703125,77
731.0910034179688,77
732.0770263671875,77
733.0650024414062,79
734.0549926757812,80
735.0449829101562,82
736.0349731445312,82
737.0250244140625,83
738.0159912109375,84
739.0050048828125,84
739.9949951171875,83
740.9849853515625,83
741.9749755859375,82
742.9650268554688,81
743.9550170898438,80
744.9450073242188,80
745.9349975585938,79
746.9249877929688,78
747.916015625,77
749.4000244140625,76
750.3900146484375,76
751.3800048828125,76
752.3699951171875,75
753.3599853515625,75
754.3499755859375,74
755.3400268554688,73
756.3359985351562,73
757.3200073242188,73
758.3109741210938,73
759.7949829101562,73
760.291015625,72
761.280029296875,72
762.27197265625,72
763.260986328125,73
764.2509765625,72
765.2410278320312,72
766.2310180664062,73
767.219970703125,72
768.2100219726562,72
769.2009887695312,72
770.1900024414062,73
771.1799926757812,73
772.1699829101562,73
773.1610107421875,73
774.64501953125,73
775.1420288085938,73
776.1309814453125,75
777.1199951171875,75
778.1099853515625,76
779.0999755859375,76
780.0960083007812,76
781.0809936523438,76
782.0709838867188,76
783.5549926757812,76
784.051025390625,76
785.041015625,77
786.031005859375,77
787.02001953125,77
788.5059814453125,77
789.0009765625,76
789.9910278320312,76
791.4760131835938,76
791.9710083007812,76
792.9609985351562,77
794.4459838867188,78
794.9409790039062,79
795.9310302734375,79
797.416015625,79
797.9110107421875,79
799.39599609375,78
800.385986328125,78
801.3779907226562,78
802.3660278320312,78
803.3560180664062,79
804.3460083007812,79
805.3359985351562,80
806.3319702148438,80
807.3159790039062,79
808.3090209960938,78
809.2960205078125,78
810.2860107421875,77
811.2760009765625,77
812.760986328125,78
813.2559814453125,78
814.2459716796875,77
815.2360229492188,77
816.2260131835938,77
817.7109985351562,77
818.2059936523438,78
819.1959838867188,79
820.1859741210938,80
821.176025390625,83
822.166015625,84
823.156005859375,87
824.14599609375,88
825.135986328125,90
826.1259765625,92
827.1209716796875,92
828.1060180664062,92
829.0969848632812,92
830.0859985351562,91
831.0759887695312,91
832.0670166015625,88
833.0560302734375,86
834.0460205078125,84
835.0360107421875,82
836.0260009765625,80
837.0159912109375,80
838.0059814453125,80
838.9959716796875,79
839.9860229492188,77
840.9760131835938,75
841.9660034179688,74
842.9559936523438,72
843.947021484375,71
844.9359741210938,69
845.9329833984375,68
846.916015625,68
848.4010009765625,68
849.3920288085938,69
850.3809814453125,70
851.3709716796875,70
852.3610229492188,70
853.35302734375,69
854.3410034179688,69
855.3309936523438,69
856.3209838867188,68
857.3109741210938,67
858.301025390625,67
859.291015625,66
860.281005859375,66
861.27099609375,67
862.260986328125,67
863.2509765625,67
864.2410278320312,67
865.2310180664062,67
866.2210083007812,68
867.2109985351562,69
868.2009887695312,69
869.1920166015625,69
870.1820068359375,69
871.1719970703125,70
872.1610107421875,69
873.1510009765625,70
874.1409912109375,71
875.1309814453125,72
876.1209716796875,74
877.1119995117188,76
878.1019897460938,79
879.0919799804688,81
880.0819702148438,86
881.072021484375,90
882.0609741210938,91
883.052001953125,94
884.041015625,96
885.031005859375,97
886.02197265625,98
887.010986328125,98
888.0009765625,100
888.9920043945312,100
890.489990234375,101
890.9730224609375,101
892.4569702148438,101
892.9509887695312,101
893.9420166015625,101
894.9320068359375,97
895.9219970703125,91
896.9119873046875,90
898.39697265625,88
899.385986328125,86
900.3759765625,85
901.3670043945312,84
902.3619995117188,83
903.3460083007812,82
904.3369750976562,81
905.3270263671875,81
906.3170166015625,81
907.3070068359375,81
908.2969970703125,82
909.2869873046875,82
910.2760009765625,82
911.2670288085938,82
912.2570190429688,83
913.2520141601562,85
914.2369995117188,85
915.2269897460938,86
916.2169799804688,87
917.2069702148438,87
918.197998046875,87
919.1920166015625,87
920.177001953125,87
921.1669921875,88
922.156982421875,89
923.14697265625,90
924.1370239257812,90
925.1300048828125,90
926.1170043945312,90
927.1069946289062,88
928.0969848632812,88
929.0869750976562,87
930.0770263671875,86
931.0670166015625,86
932.0570068359375,86
933.0469970703125,86
934.0369873046875,85
935.0269775390625,84
936.0170288085938,83
937.0120239257812,82
938.0040283203125,82
939.4819946289062,81
939.9769897460938,81
940.9669799804688,81
941.9569702148438,82
942.947021484375,82
943.93701171875,82
944.927001953125,82
945.9169921875,83
947.4019775390625,83
948.3920288085938,83
949.3820190429688,81
950.3720092773438,81
951.3619995117188,80
952.3519897460938,80
953.3419799804688,81
954.3319702148438,81
955.322021484375,81
956.31201171875,81
957.302001953125,81
958.2919921875,80
959.281982421875,80
960.27197265625,81
961.2620239257812,82
962.2520141601562,83
963.2490234375,85
964.2319946289062,86
965.2219848632812,87
966.2119750976562,87
967.2020263671875,86
968.1959838867188,85
969.1820068359375,85
970.1719970703125,86
971.1619873046875,87
972.1519775390625,88
973.1420288085938,88
974.1329956054688,88
975.1220092773438,88
976.1119995117188,87
977.1019897460938,88
978.0919799804688,87
979.0889892578125,87
980.0789794921875,87
981.06201171875,86
982.0549926757812,86
983.0430297851562,86
984.031982421875,86
985.0250244140625,86
986.0139770507812,85
987.0020141601562,85
987.9920043945312,85
988.9819946289062,84
989.97802734375,83
991.4580078125,81
991.9520263671875,81
992.9420166015625,80
993.9320068359375,80
994.9219970703125,80
996.4080200195312,80
997.3980102539062,80
998.8829956054688,81
999.3779907226562,80
1000.8629760742188,80
1001.3569946289062,78
1002.3480224609375,78
1003.3380126953125,77
1004.3280029296875,78
1005.3179931640625,78
1006.3079833984375,79
1007.2999877929688,79
1008.2880249023438,79
1009.7730102539062,79
1010.2670288085938,78
1011.2579956054688,78
1012.2470092773438,79
1013.2379760742188,80
1014.2269897460938,81
1015.2169799804688,81
1016.2080078125,80
1017.197021484375,80
1018.18701171875,79
1019.1790161132812,78
1020.1680297851562,78
1021.1599731445312,78
1022.1489868164062,78
1023.1370239257812,80
1024.1280517578125,80
1025.1280517578125,80
1027.0980224609375,79
1027.0999755859375,78
1028.0870361328125,77
1029.0780029296875,76
1030.0679931640625,76
1031.0579833984375,76
1032.0479736328125,76
1033.0379638671875,76
1034.0279541015625,76
1035.0179443359375,76
1036.008056640625,75
1036.998046875,75
1037.988037109375,74
1038.97802734375,75
1039.9730224609375,75
1040.9630126953125,76
1041.947998046875,77
1042.93798828125,78
1043.927978515625,77
1045.907958984375,77
1046.4090576171875,76
1047.3929443359375,76
1048.383056640625,77
1049.373046875,78
1050.363037109375,78
1051.35302734375,79
1052.343994140625,79
1053.3330078125,79
1054.322998046875,78
1055.31298828125,77
1056.302978515625,77
1057.29296875,77
1058.282958984375,77
1059.27294921875,77
1060.262939453125,78
1061.2530517578125,78
1062.2430419921875,78
1063.2330322265625,77
1064.2230224609375,76
1065.2130126953125,76
1066.2030029296875,76
1067.1929931640625,76
1068.1829833984375,77
1069.66796875,77
1070.1629638671875,77
1071.1529541015625,78
1072.1429443359375,77
1073.133056640625,76
1074.1240234375,76
1075.113037109375,75
1076.1090087890625,76
1077.093017578125,76
1078.0830078125,76
1079.072998046875,76
1080.06298828125,76
1081.052978515625,75
1082.04296875,75
1083.032958984375,75
1084.02294921875,75
1085.012939453125,76
1086.0030517578125,77
1086.9930419921875,78
1087.9840087890625,80
1088.9730224609375,80
1089.9630126953125,80
1090.9530029296875,79
1091.9429931640625,79
1092.9329833984375,79
1094.4300537109375,79
1095.407958984375,79
1096.39794921875,80
1097.3890380859375,78
1098.3790283203125,77
1099.3680419921875,76
1100.3599853515625,76
1101.3480224609375,76
1102.3389892578125,76
1103.3280029296875,76
1104.3179931640625,76
1105.3079833984375,76
1106.2979736328125,75
1107.29296875,75
1108.2779541015625,74
1109.2679443359375,74
1110.259033203125,75
1111.7430419921875,75
1112.248046875,75
1113.22802734375,75
1114.218017578125,75
1115.208984375,75
1116.197998046875,75
1117.18798828125,76
1118.177978515625,76
1119.16796875,76
1120.157958984375,75
1121.1490478515625,75
1122.137939453125,74
1123.1290283203125,74
1124.1190185546875,75
1125.1080322265625,75
1126.0980224609375,76
1127.0889892578125,76
1128.08203125,76
1129.0689697265625,76
1130.0589599609375,75
1131.0489501953125,75
1132.0389404296875,74
1133.029052734375,75
1134.01904296875,76
1135.008056640625,77
1135.998046875,79
1136.989013671875,79
1137.97802734375,78
1138.968994140625,78
1139.9580078125,78
1140.947998046875,78
1141.93798828125,78
1143.4239501953125,79
1144.4129638671875,80
1145.404052734375,80
1146.39404296875,80
1147.384033203125,80
1148.3740234375,80
1149.8590087890625,80
1150.35400390625,80
1151.343994140625,81
1152.333984375,82
1153.323974609375,82
1154.3199462890625,82
1155.303955078125,82
1156.2950439453125,81
1157.2840576171875,81
1158.2740478515625,81
1159.2640380859375,82
1160.2540283203125,83
1161.2440185546875,84
1162.2340087890625,84
1163.2239990234375,85
1164.2139892578125,86
1165.2039794921875,85
1166.1939697265625,84
1167.1839599609375,84
1168.6689453125,84
1169.1639404296875,85
1170.154052734375,84
1171.14404296875,84
1172.134033203125,84
1173.1240234375,83
1174.114013671875,82
1175.5989990234375,82
1176.094970703125,82
1177.083984375,82
1178.073974609375,82
1179.06396484375,82
1180.053955078125,82
1181.0439453125,82
1182.0340576171875,81
1183.0240478515625,81
1184.0140380859375,81
1185.0040283203125,81
1185.9940185546875,81
1186.9840087890625,82
1188.468994140625,83
1188.9639892578125,83
1189.9539794921875,82
1190.9439697265625,82
1191.9339599609375,81
1193.4189453125,81
1194.4090576171875,81
1195.3990478515625,81
1196.3890380859375,82
1197.3790283203125,83
1198.3690185546875,84
1199.3590087890625,84
1200.3489990234375,83
1201.3389892578125,82
1202.3289794921875,81
1203.324951171875,81
1204.3089599609375,81
1205.2989501953125,82
1206.2889404296875,82
1207.279052734375,83
1208.26904296875,83
1209.259033203125,82
1210.2490234375,80
1211.239013671875,79
1212.22900390625,78
1213.218994140625,79
1214.208984375,80
1215.198974609375,81
1216.68603515625,83
1217.178955078125,84
1218.1689453125,85
1219.1590576171875,85
1220.1490478515625,86
1221.1390380859375,86
1222.1290283203125,88
1223.1199951171875,89
1224.1090087890625,90
1225.0989990234375,92
1226.0980224609375,92
1227.0789794921875,92
1228.0699462890625,93
1229.0589599609375,93
1230.0489501953125,93
1231.5340576171875,93
1232.029052734375,93
1233.01904296875,93
1234.010009765625,93
1234.9990234375,93
1235.991943359375,94
1236.97900390625,95
1237.968994140625,95
1238.9599609375,94
1239.948974609375,91
1240.93994140625,90
1242.425048828125,89
1243.4150390625,90
1244.4100341796875,91
1245.39501953125,92
1246.385009765625,92
1247.376953125,92
1248.364990234375,90
1249.35498046875,89
1250.344970703125,88
1251.3360595703125,86
1252.324951171875,85
1253.31396484375,86
1254.303955078125,86
1255.2950439453125,88
1256.2850341796875,90
1257.280029296875,92
1258.2650146484375,93
1259.2550048828125,94
1260.2449951171875,94
1261.2349853515625,94
1262.2249755859375,94
1263.708984375,94
1264.2039794921875,94
1265.1949462890625,94
1266.1839599609375,93
1267.175048828125,92
1268.1650390625,92
1269.155029296875,91
1270.14501953125,90
1271.135009765625,90
1272.125,89
1273.114990234375,88
1274.10498046875,88
1275.094970703125,88
1276.0849609375,88
1277.074951171875,88
1278.06494140625,88
1279.0550537109375,88
1280.0450439453125,88
1281.0350341796875,88
1282.0250244140625,89
1283.0150146484375,89
1284.0050048828125,90
1284.9949951171875,89
1285.9849853515625,90
1286.9749755859375,90
1287.9649658203125,91
1288.9549560546875,91
1289.9449462890625,91
1291.4300537109375,91
1292.4200439453125,91
1293.905029296875,91
1294.4000244140625,90
1295.3919677734375,90
1296.3800048828125,90
1297.3699951171875,90
1298.3599853515625,91
1299.3499755859375,92
1300.3399658203125,92
1301.3299560546875,92
1302.3199462890625,93
1303.31005859375,91
1304.300048828125,91
1305.2900390625,91
1306.280029296875,92
1307.27001953125,93
1308.260009765625,93
1309.25,93
1310.7349853515625,93
1311.22998046875,93
1312.219970703125,92
1313.2099609375,92
1314.199951171875,91
1315.18994140625,91
1316.1800537109375,91
1317.1700439453125,92
1318.1600341796875,93
1319.1500244140625,93
1320.1400146484375,93
1321.1300048828125,93
1322.1199951171875,93
1323.1099853515625,94
1324.10595703125,93
1325.0899658203125,92
1326.0799560546875,92
1327.0699462890625,91
1328.06005859375,90
1329.050048828125,90
1330.0400390625,90
1331.030029296875,90
1332.02001953125,91
1333.010986328125,92
1334.0,92
1334.989990234375,91
1335.989013671875,91
1336.970947265625,90
1337.9610595703125,91
1338.949951171875,91
1340.43505859375,91
1341.425048828125,91
1342.4150390625,91
1343.406005859375,90
1344.39599609375,90
1345.385009765625,90
1346.375,90
1347.364990234375,91
1348.35498046875,91
1349.344970703125,92
1350.3360595703125,93
1351.3260498046875,93
1352.3160400390625,93
1353.3050537109375,93
1354.2960205078125,93
1355.2860107421875,93
1356.281005859375,93
1357.2659912109375,92
1358.2559814453125,92
1359.2459716796875,92
1360.2359619140625,92
1361.2259521484375,93
1362.2159423828125,94
1363.2060546875,95
1364.1949462890625,94
1365.18603515625,92
1366.175048828125,91
1367.166015625,90
1368.156005859375,90
1369.14794921875,90
1370.135986328125,90
1371.1259765625,90
1372.115966796875,91
1373.10595703125,90
1374.095947265625,90
1375.0860595703125,89
1376.074951171875,88
1377.0660400390625,87
1378.0560302734375,87
1379.0460205078125,87
1380.0360107421875,88
1381.0260009765625,89
1382.0159912109375,89
1383.0059814453125,88
1383.9959716796875,88
1384.9859619140625,88
1385.9759521484375,89
1386.9659423828125,89
1387.9560546875,90
1388.946044921875,90
1390.4310302734375,90
1391.4239501953125,89
1392.4110107421875,89
1393.4010009765625,89
1394.3909912109375,90
1395.3809814453125,90
1396.3709716796875,90
1397.3609619140625,90
1398.3509521484375,89
1399.3409423828125,89
1400.3310546875,89
1401.321044921875,89
1402.31103515625,89
1403.301025390625,89
1404.2939453125,89
1405.281005859375,90
1406.27099609375,91
1407.260986328125,92
1408.2509765625,94
1409.240966796875,94
1410.23095703125,93
1411.220947265625,93
1412.2110595703125,93
1413.2010498046875,94
1414.6910400390625,95
1415.1810302734375,97
1416.1710205078125,98
1417.1650390625,99
1418.1510009765625,98
1419.1409912109375,98
1420.1309814453125,96
1421.1209716796875,96
1422.1109619140625,96
1423.1009521484375,96
1424.0909423828125,96
1425.0810546875,97
1426.071044921875,98
1427.06103515625,98
1428.051025390625,100
1429.041015625,101
1430.031982421875,101
1431.02099609375,100
1432.010986328125,100
1433.0050048828125,100
1433.990966796875,97
1434.98095703125,95
1435.970947265625,93
1436.9610595703125,92
1437.9510498046875,91
1439.43603515625,91
1440.426025390625,90
1441.416015625,89
1442.406982421875,89
1443.39599609375,87
1444.385986328125,86
1445.3759765625,85
1446.366943359375,85
1447.35595703125,85
1448.345947265625,85
1449.3360595703125,85
1450.3260498046875,84
1451.3170166015625,83
1452.3060302734375,83
1453.2960205078125,83
1454.2860107421875,84
1455.2760009765625,84
1456.2669677734375,84
1457.2559814453125,84
1458.2490234375,85
1459.2359619140625,85
1460.2259521484375,86
1461.2159423828125,87
1462.20703125,88
1463.196044921875,89
1464.18701171875,89
1465.176025390625,89
1466.166015625,89
1467.156005859375,89
1468.14697265625,89
1469.135986328125,89
1470.126953125,88
1471.116943359375,88
1472.1070556640625,87
1473.095947265625,86
1474.0880126953125,86
1475.0770263671875,86
1476.0670166015625,86
1477.0570068359375,86
1478.0469970703125,86
1479.0369873046875,86
1480.5450439453125,87
1481.0159912109375,87
1482.0069580078125,87
1482.9969482421875,86
1483.987060546875,87
1484.9759521484375,87
1485.967041015625,88
1486.9560546875,88
1487.947021484375,90
1489.4320068359375,90
1490.9169921875,90
1491.4119873046875,90
1492.4019775390625,89
1493.3929443359375,89
1494.3819580078125,89
1495.3719482421875,89
1496.362060546875,90
1497.35205078125,91
1498.342041015625,91
1499.33203125,92
1500.322021484375,91
1501.31201171875,90
1502.302001953125,89
1503.2919921875,89
1504.281982421875,90
1505.27197265625,90
1506.262939453125,92
1507.251953125,94
1508.241943359375,95
1509.2320556640625,97
1510.717041015625,98
1511.2120361328125,99
1512.2020263671875,100
1513.1920166015625,101
1514.1820068359375,101
1515.1719970703125,102
1516.1619873046875,102
1517.1519775390625,102
1518.636962890625,103
1519.137939453125,103
1520.1219482421875,103
1521.112060546875,104
1522.10205078125,104
1523.092041015625,104
1524.08203125,103
1525.072021484375,104
1526.06201171875,103
1527.5469970703125,104
1528.0419921875,104
1529.031982421875,104
1530.02197265625,104
1531.011962890625,105
1532.001953125,105
1532.991943359375,105
1533.9830322265625,105
1534.9730224609375,105
1536.4599609375,106
1536.9520263671875,107
1538.43701171875,107
1539.4329833984375,108
1540.4169921875,108
1541.407958984375,108
1542.39697265625,107
1543.386962890625,106
1544.376953125,106
1545.366943359375,106
1546.3570556640625,105
1547.3470458984375,105
1548.3370361328125,105
1549.3270263671875,105
1550.3170166015625,106
1551.3070068359375,107
1552.2969970703125,108
1553.2869873046875,109
1554.279052734375,109
1555.2669677734375,108
1556.751953125,108
1557.248046875,105
1558.238037109375,104
1559.22705078125,104
1560.218017578125,104
1561.20703125,105
1562.197021484375,106
1563.18701171875,106
1564.177001953125,106
1565.1669921875,106
1566.157958984375,105
1567.1490478515625,104
1568.137939453125,104
1569.1280517578125,104
1570.1219482421875,105
1571.1080322265625,106
1572.0980224609375,106
1573.0880126953125,107
1574.0780029296875,107
1575.0670166015625,108
1576.0579833984375,109
1577.0469970703125,109
1578.0379638671875,110
1579.0269775390625,110
1580.0169677734375,110
1581.008056640625,111
1582.008056640625,111
1582.9959716796875,111
1583.97802734375,112
1584.968994140625,113
1585.9580078125,113
1587.4429931640625,113
1588.4320068359375,112
1589.4219970703125,112
1590.4129638671875,112
1591.4029541015625,112
1592.39794921875,111
1593.383056640625,111
1594.373046875,111
1595.363037109375,112
1596.35302734375,112
1597.343017578125,112
1598.3330078125,113
1599.322998046875,113
1600.31298828125,114
1601.302978515625,114
1602.2919921875,114
1603.282958984375,114
1604.27294921875,113
1605.2640380859375,113
1606.2550048828125,112
1607.2430419921875,112
1608.2330322265625,112
1609.2259521484375,112
1610.2130126953125,113
1611.2030029296875,113
1612.1929931640625,113
1613.1829833984375,113
1614.1729736328125,113
1615.1629638671875,112
1616.64794921875,111
1617.1429443359375,110
1618.134033203125,110
1619.123046875,110
1620.6080322265625,110
1621.10302734375,110
1622.093017578125,110
1623.0830078125,110
1624.072998046875,109
1625.06298828125,109
1626.052978515625,108
1627.04296875,108
1628.032958984375,108
1629.02294921875,107
1630.012939453125,106
1631.0040283203125,106
1631.9930419921875,106
1632.9830322265625,107
1633.9730224609375,107
1634.9630126953125,108
1636.447998046875,108
1637.43798828125,107
1638.427978515625,107
1639.41796875,108
1640.407958984375,108
1641.39794921875,108
1642.387939453125,108
1643.3790283203125,108
1644.3680419921875,108
1645.3599853515625,109
1646.843017578125,109
1647.3380126953125,110
1648.3299560546875,110
1649.3179931640625,110
1650.3079833984375,110
1651.2989501953125,109
1652.2879638671875,109
1653.77294921875,109
1654.27197265625,110
1655.7530517578125,110
1656.2490234375,111
1657.238037109375,110
1658.22802734375,111
1659.218017578125,111
1660.208984375,111
1661.197998046875,111
1662.18798828125,111
1663.177978515625,110
1664.16796875,111
1665.157958984375,111
1666.14794921875,111
1667.137939453125,112
1668.1280517578125,113
1669.1199951171875,113
1670.1080322265625,113
1671.0980224609375,113
1672.0880126953125,112
1673.0780029296875,111
1674.0679931640625,111
1675.0579833984375,111
1676.0489501953125,111
1677.0379638671875,111
1678.029052734375,111
1679.0179443359375,110
1680.0169677734375,110
1680.998046875,110
1681.9940185546875,109
1682.97900390625,109
1684.4649658203125,109
1684.9580078125,110
1686.4439697265625,109
1687.4339599609375,109
1689.4139404296875,108
1689.416015625,108
1690.404052734375,109
1691.39404296875,109
1692.384033203125,110
1693.3740234375,110
1694.863037109375,109
1695.35302734375,109
1696.343994140625,109
1697.333984375,109
1698.322998046875,109
1699.31396484375,108
1700.303955078125,108
1701.2989501953125,107
1702.2840576171875,108
1703.2740478515625,107
1704.2640380859375,107
1705.2540283203125,106
1706.2440185546875,106
1707.2340087890625,106
1708.2230224609375,106
1709.2139892578125,105
1710.2039794921875,106
1711.1939697265625,105
1712.18798828125,105
1713.1739501953125,105
1714.1629638671875,105
1715.157958984375,104
1716.14404296875,104
1717.134033203125,103
1718.1240234375,103
1719.114013671875,104
1720.10400390625,104
1721.093994140625,104
1722.083984375,104
1723.073974609375,104
1724.06396484375,104
1725.053955078125,104
1726.0439453125,103
1727.0340576171875,103
1728.0240478515625,103
1729.0140380859375,104
1730.0040283203125,104
1731.489013671875,104
1731.9840087890625,105
1732.9739990234375,105
1733.9639892578125,105
1735.448974609375,105
1736.43896484375,105
1737.428955078125,105
1738.4189453125,105
1739.4110107421875,106
1740.3990478515625,107
1741.3890380859375,107
1742.3790283203125,107
1743.3690185546875,107
1744.3590087890625,107
1745.3489990234375,106
1746.833984375,107
1747.342041015625,107
1748.3189697265625,108
1749.3089599609375,108
1750.2989501953125,109
1751.2889404296875,109
1752.279052734375,109
1753.26904296875,109
1754.259033203125,109
1755.251953125,108
1756.239013671875,109
1757.22900390625,109
1758.218994140625,109
1759.208984375,108
1760.198974609375,108
1761.18994140625,108
1762.178955078125,108
1763.6639404296875,107
1764.1590576171875,107
1765.1490478515625,107
1766.1390380859375,107
1767.1290283203125,106
1768.1190185546875,105
1769.1090087890625,105
1770.0989990234375,105
1771.0889892578125,106
1772.0789794921875,106
1773.0689697265625,107
1774.0589599609375,106
1775.0489501953125,105
1776.0389404296875,104
1777.029052734375,104
1778.01904296875,104
1779.009033203125,105
1779.9990234375,105
1780.989013671875,106
1781.97998046875,107
1782.968994140625,108
1783.958984375,109
1785.4439697265625,110
1786.43505859375,110
1787.4239501953125,111
1788.4139404296875,111
1789.404052734375,111
1790.39501953125,111
1791.384033203125,110
1792.375,109
1793.364990234375,109
1794.35498046875,109
1795.343994140625,109
1796.3380126953125,109
1797.324951171875,109
1798.31494140625,109
1799.3050537109375,110
1800.2950439453125,110
1801.2850341796875,110
1802.2750244140625,109
1803.2640380859375,110
1804.2550048828125,110
1805.2449951171875,110
1806.2340087890625,111
1807.2249755859375,111
1808.2139892578125,112
1809.2099609375,112
1810.1949462890625,112
1811.1839599609375,112
1812.175048828125,112
1813.1650390625,113
1814.154052734375,113
1815.1500244140625,113
1816.134033203125,113
1817.1240234375,113
1818.115966796875,114
1819.10400390625,114
1820.094970703125,116
1821.5799560546875,117
1822.0770263671875,119
1823.06494140625,121
1824.0550537109375,121
1825.052001953125,123
1826.0350341796875,123
1827.0250244140625,123
1828.0150146484375,125
1829.0050048828125,127
1829.9949951171875,128
1830.9849853515625,129
1831.9749755859375,129
1832.9649658203125,129
1834.449951171875,129
1835.4410400390625,129
1836.4300537109375,129
1837.4200439453125,129
1838.4100341796875,129
1839.89501953125,130
1840.3900146484375,130
1841.875,131
1842.3699951171875,132
1843.3599853515625,132
1844.3609619140625,133
1845.3399658203125,133
1846.3299560546875,133
1847.3199462890625,134
1848.31005859375,135
1849.300048828125,135
1850.2900390625,136
1851.280029296875,136
1852.27001953125,136
1853.260009765625,136
1854.25,137
1855.2449951171875,137
1856.7249755859375,136
1857.22998046875,137
1858.2099609375,137
1859.199951171875,138
1860.18994140625,138
1861.1800537109375,138
1862.1700439453125,137
1863.1600341796875,137
1864.1500244140625,137
1865.635009765625,138
1866.1300048828125,138
1867.1199951171875,138
1868.1099853515625,139
1869.1009521484375,139
1870.0899658203125,140
1871.0799560546875,140
1872.0699462890625,139
1873.5560302734375,139
1874.050048828125,139
1875.0400390625,139
1876.0369873046875,139
1877.02001953125,139
1878.010009765625,139
1879.0,128
1879.989990234375,130
1880.97998046875,131
1881.969970703125,133
1883.4560546875,134
1884.447998046875,134
1885.43505859375,135
1886.425048828125,135
1887.4150390625,136
1888.405029296875,137
1889.39501953125,137
1890.385009765625,138
1891.375,139
1892.364990234375,140
1893.35498046875,139
1894.344970703125,139
1895.3349609375,139
1896.324951171875,139
1897.31494140625,139
1898.3050537109375,139
1899.2950439453125,139
1900.2850341796875,139
1901.2750244140625,139
1902.2650146484375,139
1903.2550048828125,138
1904.2459716796875,138
1905.238037109375,137
1906.2259521484375,136
1907.2149658203125,136
1908.699951171875,136
1909.196044921875,136
1910.18505859375,137
1911.6700439453125,137
1912.1650390625,138
1913.155029296875,138
1914.14599609375,139
1915.135009765625,140
1916.125,140
1917.115966796875,141
1918.10498046875,142
1919.095947265625,142
1920.0860595703125,141
1921.0760498046875,141
1922.0660400390625,140
1923.0560302734375,140
1924.0469970703125,140
1925.0360107421875,140
1926.0260009765625,141
1927.0159912109375,141
1928.0059814453125,141
1928.9959716796875,140
1929.9849853515625,140
1930.9749755859375,140
1932.4610595703125,139
1933.449951171875,139
1934.43994140625,139
1935.4310302734375,139
1936.4210205078125,139
1937.4100341796875,140
1938.4010009765625,140
1939.3909912109375,140
1940.3809814453125,140
1941.3709716796875,140
1942.3609619140625,140
1943.845947265625,140
1944.3409423828125,140
1945.3310546875,140
1946.321044921875,140
1947.31103515625,140
1948.301025390625,141
1949.291015625,141
1950.281005859375,140
1951.27099609375,140
1952.260986328125,139
1953.2509765625,139
1954.240966796875,138
1955.23095703125,138
1956.220947265625,138
1958.2010498046875,139
1958.208984375,140
1959.1910400390625,140
1960.1810302734375,141
1961.1710205078125,141
1962.1610107421875,141
1963.1510009765625,141
1964.1409912109375,142
1965.1309814453125,141
1966.1209716796875,141
1967.1109619140625,141
1968.10205078125,141
1969.0909423828125,141
1970.0810546875,141
1971.071044921875,141
1972.0660400390625,141
1973.051025390625,140
1974.041015625,140
1975.031005859375,139
1976.5169677734375,139
1977.010986328125,139
1978.0009765625,139
1978.990966796875,138
1979.98095703125,137
1981.4659423828125,137
1982.4560546875,137
1983.446044921875,137
1984.43603515625,138
1985.426025390625,139
1986.416015625,139
1987.406005859375,139
1988.39599609375,140
1989.385986328125,140
1990.3759765625,140
1991.3699951171875,140
1992.35595703125,141
1993.345947265625,141
1994.3360595703125,142
1995.3270263671875,142
1996.3170166015625,141
1997.3060302734375,141
1999.2860107421875,140
1999.2869873046875,139
2000.2760009765625,139
2001.2659912109375,138
2002.2559814453125,139
2003.2459716796875,139
2004.2359619140625,140
2005.22705078125,140
2006.2159423828125,141
2007.2080078125,141
2008.196044921875,140
2009.18603515625,140
2010.176025390625,139
2011.166015625,139
2012.156005859375,139
2013.14599609375,139
2014.135986328125,139
2015.1259765625,139
2016.115966796875,140
2017.10595703125,141
2018.095947265625,141
2019.0870361328125,142
2020.572021484375,142
2021.0660400390625,141
2022.0560302734375,141
2023.0460205078125,139
2024.0369873046875,139
2025.0269775390625,138
2026.0159912109375,138
2027.012939453125,137
2027.9969482421875,137
2028.9859619140625,137
2030.4720458984375,136
2031.9560546875,136
2032.4510498046875,136
2033.4420166015625,136
2034.4320068359375,136
2035.4219970703125,137
2036.4119873046875,137
2037.4019775390625,138
2038.3919677734375,139
2039.3809814453125,139
2040.3719482421875,140
2041.362060546875,140
2042.3509521484375,140
2043.342041015625,140
2044.33203125,141
2045.323974609375,141
2046.31201171875,141
2047.302001953125,141
2048.291015625,141
2049.281982421875,141
2050.27197265625,141
2051.261962890625,141
2052.251953125,141
2053.241943359375,141
2054.23193359375,142
2055.22607421875,142
2056.217041015625,142
2057.201904296875,142
2058.19189453125,142
2059.18408203125,142
2060.172119140625,142
2061.162109375,142
2062.152099609375,142
2063.14208984375,142
2064.132080078125,142
2065.1220703125,142
2066.112060546875,142
2067.10205078125,142
2068.093017578125,142
2069.08203125,142
2070.072021484375,143
2071.06201171875,143
2072.052001953125,143
2073.0419921875,144
2074.031982421875,144
2075.02197265625,144
2076.011962890625,144
2077.001953125,144
2077.998046875,144
2078.98193359375,143
2080.467041015625,143
2081.4580078125,143
2082.447021484375,143
2083.43701171875,142
2084.431884765625,142
2085.4169921875,142
2086.406982421875,141
2087.39697265625,140
2088.387939453125,140
2089.376953125,139
2090.366943359375,138
2091.35693359375,138
2092.346923828125,137
2093.3369140625,137
2094.326904296875,136
2095.31689453125,136
2096.306884765625,136
2097.302978515625,136
2098.287109375,136
2099.277099609375,136
2100.27197265625,136
2101.257080078125,137
2102.2470703125,137
2103.237060546875,137
2104.22705078125,137
2105.217041015625,137
2106.20703125,137
2107.197021484375,137
2108.18701171875,137
2109.177001953125,135
2110.1669921875,135
2111.156982421875,136
2112.14697265625,136
2113.139892578125,136
2114.1279296875,136
2115.116943359375,137
2116.10693359375,136
2117.096923828125,136
2118.0869140625,135
2119.076904296875,134
2120.06689453125,133
2121.056884765625,132
2122.047119140625,131
2123.037109375,130
2124.027099609375,129
